{
  "student_model": "gpt-4o-mini",
  "prompt_model": "gpt-5.5",
  "demo_free": true,
  "suite_examples": 30,
  "miprov2_optimized_on_gold": {
    "pages": 42,
    "composite_mean": 0.8823391401663672,
    "composite_by_page": {
      "0eab50b4b0": 0.775419982316534,
      "10188bcbdc": 0.886875167067629,
      "2b6d3461b6": 0.9203731467599533,
      "2bae03395d": 0.9483031564259571,
      "2f273f134c": 0.8070842981413106,
      "32c8267c15": 0.8612543665115738,
      "35e4e14f97": 0.9269776876267749,
      "3e2868c5c0": 0.8731452455590387,
      "3e5d836124": 0.8912466843501328,
      "4cdd06ccd9": 0.9471456910450048,
      "51acce515d": 1.0,
      "52915c5c1a": 0.9269959614787201,
      "54a84eba12": 0.9248225165538759,
      "58f59ba2eb": 0.9519599174771588,
      "5a880feb14": 0.8821227684030326,
      "5ada5bba08": 0.8649944321763585,
      "5ddfe19468": 0.6762700900631935,
      "672c1b9795": 0.9037269244165796,
      "67d873e710": 0.8330837591665521,
      "6d81fa2397": 0.902342062051681,
      "712b607f21": 0.8472959412451931,
      "7ad26af843": 0.7721393548979757,
      "888a88ff5e": 0.925622144340338,
      "94d83f7dfd": 1.0,
      "96a6146a2e": 0.9562798509421089,
      "aa0f49cfeb": 0.735632183908046,
      "ad445ae44a": 0.9248805455702008,
      "b110ec3ad1": 0.9012932625603034,
      "b115e3916e": 0.8816976127320953,
      "b18e69cc17": 0.8611151526908838,
      "b20a9afa27": 0.82425407026816,
      "c0523b587d": 0.9397422500870776,
      "c0984e4abd": 0.8390804597701149,
      "c456cd448f": 0.7617425854973748,
      "cc79f136ae": 0.8160919540229885,
      "d408028853": 0.9286735010872943,
      "d7fd290746": 0.974055829228243,
      "e5cb661a4e": 0.9275095785440612,
      "ee70a8fc3c": 0.8857540926506444,
      "f0c6985e72": 0.8611674554879425,
      "f19616f060": 0.8244514106583071,
      "f74ee80d9b": 0.9656207932070001
    },
    "parse_failures": 0
  },
  "optimized_instructions": "Extract one structured specialty-coffee product record from the supplied raw ecommerce page text.\n\nFirst identify the active/main product page, not navigation, footer, SEO/meta tags, breadcrumbs, recommendations, archive listings, or unrelated embedded variant blocks. Use only evidence in the page text; never use outside knowledge. Preserve the page’s original wording and language for human-facing coffee attributes.\n\nClassify page_type as coffee_product, coffee_equipment, other_product, or not_a_product_page. If it is not a roasted coffee product for sale, set coffee/price fields to null, unknown, or false as appropriate and extraction_quality='poor'. Set is_specialty_coffee true only for coffee_product pages that show an origin plus at least one specialty cue such as process, variety, farm/producer, roast/harvest, or detailed tasting notes.\n\nExtract coffee fields for the active product: coffee_name, roaster, roaster_location, roaster_country, origin_country, origin_region, producer_or_farm, process_method, variety, altitude, roast_level, harvest_period, sensory_text, display_tasting_notes, producer_text, and booleans is_blend, is_espresso, is_decaf, is_coferment_or_infused. Use null for absent human-facing fields and 'unknown' only for absent model labels such as roaster_country or unknown process/variety arrays. Do not guess origin, process, variety, price, currency, or package size.\n\nField rules: coffee_name is the product name; roaster is the selling roaster. origin_country is the producing country; use 'blend_multi_origin' only when multiple producing countries are clearly present. origin_region may be a region/province/farm area or 'multi_origin'. process_method and variety are arrays of exact stated terms, not normalized; use ['unknown'] only if absent. roast_level, harvest_period, and altitude should match the page wording when present. producer_or_farm may include farm, estate, producer, cooperative, mill, washing station, family, or smallholder group. is_blend is true only for clearly labeled blends or multiple origins. is_decaf is true for decaf/decaffeinated/Swiss Water/etc. is_coferment_or_infused is true only when additives such as fruit, botanicals, flavorings, or inoculated/infused ingredients are introduced, not for plain anaerobic/natural fermentation. is_espresso is true only when espresso is an explicit intended or endorsed use for this active product, not from unrelated products or incidental site text.\n\nFor sensory_text, use verbatim product tasting/cup/flavor/aroma/body/acidity/finish text, preferring dedicated tasting notes over generic marketing. display_tasting_notes should be a concise comma-separated list of note names only, usually 3-7 items, in the original language. producer_text should be verbatim origin/producer/process/lot/sourcing background prose.\n\nExtract price for the selected/default active-product variant. If a selected_by_url variant exists, use it. Otherwise use the variant marked default_for_inference; if none is marked, choose the visible/default option or the package closest to 10 oz / 283.5g. Ignore variants belonging to recommendations or other products. Capture listed_price, listed_currency, original_listed_price/currency when applicable, bag_size_value, bag_size_unit, package_grams, bags_count, price_type, availability, price_100g_usd, and assumptions. Prefer one-time price over subscription when both exist; otherwise mark subscription or membership if required. availability is in_stock, sold_out, preorder, or unknown. Convert sizes using 1 oz=28.3495231g and 1 lb=453.59237g; for samplers/multipacks, package_grams is total grams and bags_count is the number of bags. Fill price_100g_usd only when price is USD and package_grams is known. Record assumptions such as inferred currency from a symbol or default variant selection.\n\nReturn short exact source_snippets for important fields such as name, origin, process, variety, price, bag_size, tasting_notes, producer, altitude, and roast. Also return a quality report with extraction_quality: 'good' when origin plus several production/tasting fields and package price are present; 'partial' when usable but important fields are missing; 'poor' for non-coffee pages or mostly absent evidence. missing_fields should list important absent inference fields, and warnings should note ambiguity, conflicting product blocks, multiple prices/variants, subscription-only pricing, unavailable products, weak evidence, or ignored unrelated content.",
  "internal_best_score": 0.9513
}
